S.N,BUSINESS_DATE,SECURITY_ID,SYMBOL,SECURITY_NAME,OPEN_PRICE,HIGH_PRICE,LOW_PRICE,CLOSE_PRICE,TOTAL_TRADED_QUANTITY,TOTAL_TRADED_VALUE,PREVIOUS_DAY_CLOSE_PRICE,FIFTY_TWO_WEEKS_HIGH,FIFTY_TWO_WEEKS_LOW,LAST_UPDATED_TIME,LAST_UPDATED_PRICE,TOTAL_TRADES,AVERAGE_TRADED_PRICE,MARKET_CAPITALIZATION
1,2023-03-19,154,CHCL,Chilime Hydropower Company Limited,470.0000,471.0000,463.2000,469.0000,21725,10139491.3000,469.9000,504.1000,347.9000,2023-03-19T14:59:41.285464,469.0000,167,466.71,34040.86
2,2023-03-19,164,CBBL,Chhimek Laghubitta Bittiya Sanstha Limited,798.0000,814.8000,785.0000,787.0000,8741,6923721.2000,798.0000,1303.0000,785.0000,2023-03-19T14:59:50.184977,787.0000,231,792.09,22314.61
3,2023-03-19,235,HDL,Himalayan Distillery Limited,2050.0000,2050.0000,1975.0000,1975.0000,30708,61098633.7000,2015.0000,4323.0000,1975.0000,2023-03-19T14:59:58.263388,1975.0000,1014,1989.66,47983.94
4,2023-03-19,250,JFL,Janaki Finance Company Limited,380.1000,384.9000,379.1000,380.0000,6859,2611926.0000,378.0000,535.0000,305.0000,2023-03-19T14:59:41.661822,380.0000,51,380.80,2623.80
5,2023-03-19,559,NLG,NLG Insurance Company Ltd.,665.0000,667.0000,652.0000,660.1000,7461,4930252.8000,652.0000,928.0000,423.0000,2023-03-19T14:59:52.670354,660.1000,61,660.80,8756.98
6,2023-03-19,583,GBLBS,Grameen Bikas Laghubitta Bittiya Sanstha Ltd.,465.0000,486.9000,465.0000,484.0000,3586,1715552.8000,473.0000,957.0000,465.0000,2023-03-19T14:57:01.212016,484.0000,55,478.40,4755.30
7,2023-03-19,669,SHINEP,Shine Resunga Development Bank Ltd. Promoter Share,185.0000,185.0000,185.0000,185.0000,5124,947940.0000,185.0000,185.0000,140.0000,2023-03-19T12:28:10.814408,185.0000,1,185.00,
8,2023-03-19,2776,RADHI,Radhi Bidyut Company Ltd,260.1000,267.5000,260.1000,262.0000,37758,9956390.1000,263.0000,699.0000,195.3000,2023-03-19T14:59:52.148379,262.0000,312,263.68,4391.07
9,2023-03-19,2790,ACLBSL,Aarambha Chautari Laghubitta Bittiya Sanstha Limited,580.0000,585.0000,575.0000,585.0000,1219,706138.9000,591.6000,1407.0000,575.0000,2023-03-19T14:59:12.729170,585.0000,55,579.27,2147.79
10,2023-03-19,2896,SDLBSL,Sadhana Laghubitta Bittiya Sanstha Limited,660.0000,670.0000,657.0000,668.0000,211,139435.4000,664.0000,1305.6000,650.0000,2023-03-19T14:59:54.598248,668.0000,17,660.83,2553.49
11,2023-03-19,2898,NRN,NRN Infrastructure and Development Limited,460.6000,461.0000,451.4000,457.0000,4626,2109506.0000,470.0000,718.8000,385.0000,2023-03-19T14:59:21.024346,457.0000,69,456.01,5590.08
12,2023-03-19,8023,MMF1,Mega Mutual Fund -1,7.0900,7.1100,6.9600,7.0200,15610,109088.4500,7.2300,9.1300,6.7500,2023-03-19T14:10:46.561588,7.0200,33,6.98,
13,2023-03-19,8106,GIBF1,Global IME Balanced Fund-1,7.6700,8.0500,7.6700,8.0500,2600,20237.0000,7.8000,10.0000,7.5500,2023-03-19T14:59:38.473929,8.0500,16,7.78,
14,2023-03-19,8126,SIKLES,Sikles Hydropower Limited,450.0000,459.0000,443.0000,459.0000,2520,1137514.0000,459.0000,510.0000,315.5000,2023-03-19T14:59:48.068492,459.0000,120,451.39,3901.50
15,2023-03-19,187,NLIC,Nepal Life Insurance Co. Ltd.,671.9000,671.9000,649.1000,652.0000,60131,39196401.7000,660.1000,1268.0000,570.0000,2023-03-19T14:59:45.817918,652.0000,413,651.85,53515.94
16,2023-03-19,256,SFCL,Samriddhi Finance Company Limited,292.0000,299.0000,290.2000,294.0000,14384,4230140.5000,292.0000,375.0000,179.4000,2023-03-19T14:59:37.515872,294.0000,85,294.08,2407.60
17,2023-03-19,686,BARUN,Barun Hydropower Co. Ltd.,263.0000,265.0000,258.0000,263.0000,20032,5250962.5000,259.6000,541.6000,190.3000,2023-03-19T14:59:10.309931,263.0000,105,262.12,1409.19
18,2023-03-19,705,GILB,Global IME Laghubitta Bittiya Sanstha Ltd.,749.0000,760.0000,733.1000,741.0000,1118,823372.0000,749.0000,1652.4000,733.1000,2023-03-19T14:59:54.684629,741.0000,31,736.46,4586.05
19,2023-03-19,2784,NADEP,Nadep Laghubittiya bittya Sanstha Ltd.,550.0000,550.0000,534.1000,540.0000,4738,2544582.8000,542.3000,883.1000,534.1000,2023-03-19T14:54:03.670024,540.0000,89,537.05,2623.10
20,2023-03-19,2900,RLI,Reliance Life Insurance Limited,388.2000,400.0000,388.2000,393.1000,2541,1001587.0000,393.0000,626.0000,310.0000,2023-03-19T14:57:50.996298,393.1000,118,394.17,8255.10
21,2023-03-19,2903,LEC,Liberty Energy Company Limited,289.1000,289.1000,280.0000,287.0000,9331,2660445.9000,295.0000,384.0000,203.0000,2023-03-19T14:59:52.415027,287.0000,111,285.11,4305.00
22,2023-03-19,2923,SLCF,Sanima Large Cap Fund,7.3400,7.3400,7.0900,7.0900,10500,74485.0000,7.2000,9.5000,6.9000,2023-03-19T14:45:53.112529,7.0900,6,7.09,
23,2023-03-19,2924,GLH,GreenLife Hydropower Limited,299.0000,303.0000,295.0000,298.0000,7948,2377583.0000,294.0000,511.0000,219.0000,2023-03-19T14:57:58.782154,298.0000,113,299.14,5364.00
24,2023-03-19,2925,MLBSL,Mahila Lagubitta Bittiya Sanstha Limited ,2112.1000,2197.2000,2100.0000,2100.0000,1149,2441006.0000,2155.0000,4329.6000,2100.0000,2023-03-19T14:59:34.492047,2100.0000,65,2124.46,4568.81
25,2023-03-19,4955,MKLB,Manakamana Smart Laghubitta Bittiya Sanstha Limited,746.8000,746.8000,718.0000,731.9000,419,304004.0000,762.0000,1305.0000,702.0000,2023-03-19T14:59:30.253202,731.9000,30,725.54,1086.71
26,2023-03-19,4967,NICSF,NIC Asia Select Fund 30,7.6200,7.7100,7.6200,7.7100,6500,49852.0000,7.7100,9.4200,7.4000,2023-03-19T14:47:51.941103,7.7100,12,7.66,
27,2023-03-19,8018,MLBS,Manushi Laghubitta Bittiya Sanstha Limited,785.4000,847.0000,785.4000,847.0000,505,426225.0000,770.0000,1460.0000,740.0000,2023-03-19T14:52:32.233972,847.0000,26,844.00,926.41
28,2023-03-19,8108,RHGCL,Rapti Hydro And General Construction Limited,336.0000,345.0000,335.2000,344.0000,37457,12821021.1000,338.3000,406.0000,191.6000,2023-03-19T14:59:59.116357,344.0000,293,342.28,2108.01
29,2023-03-19,8110,SBID83,10.25% Nepal SBI Bank Debenture 2083,895.0000,910.0000,895.0000,910.0000,70,63325.0000,909.0000,1000.0000,851.0000,2023-03-19T13:38:12.473547,910.0000,2,904.64,
30,2023-03-19,8128,KLBS,Khaptad Laghubitta Bittiya Sanstha Limited,940.8000,998.5000,934.0000,998.5000,70,67193.0000,960.0000,1870.0000,303.2000,2023-03-19T14:23:05.548268,998.5000,7,959.90,399.40
31,2023-03-19,141,LBL,Laxmi Bank Limited,180.0000,183.6000,179.6000,180.0000,29962,5415480.9000,180.0000,272.0000,179.6000,2023-03-19T14:57:57.657616,180.0000,145,180.74,20792.42
32,2023-03-19,149,OHL,Oriental Hotels Limited,530.0000,540.0000,523.0000,536.0000,2611,1374129.3000,529.9000,602.6000,413.8000,2023-03-19T14:55:47.045396,536.0000,20,526.28,6046.57
33,2023-03-19,153,BPCL,Butwal Power Company Limited,320.0000,324.0000,318.1000,319.0000,6748,2165510.6000,318.0000,424.0000,288.0000,2023-03-19T14:59:57.815552,319.0000,92,320.91,10874.92
34,2023-03-19,189,PICL,Prudential Insurance Co. Ltd.,402.0000,402.0000,395.0000,399.0000,3302,1309272.7000,400.6800,732.0000,328.3000,2023-03-19T14:59:53.562948,399.0000,39,396.50,4890.08
35,2023-03-19,245,CFCL,Central Finance Co. Ltd.,319.0000,320.0000,311.2000,314.5000,5095,1596958.7000,313.0000,462.9000,237.0000,2023-03-19T14:59:36.862503,314.5000,59,313.43,2984.21
36,2023-03-19,263,GMFIL,Guheshowori Merchant Bank & Finance Co. Ltd.,320.1000,332.5000,319.5000,327.0000,1733,562596.6000,326.0000,431.9000,223.9000,2023-03-19T14:08:49.169281,327.0000,18,324.63,3309.82
37,2023-03-19,273,ICFC,ICFC Finance Limited,430.0000,432.0000,420.0000,427.0000,9319,3961610.1000,428.0000,665.0000,363.0000,2023-03-19T14:59:57.476571,427.0000,97,425.11,5053.42
38,2023-03-19,357,PCBL,Prime Commercial Bank Ltd.,205.0000,205.0000,199.1000,201.9000,35576,7134720.6000,203.3000,333.0000,198.5000,2023-03-19T14:59:58.296887,201.9000,314,200.54,39173.80
39,2023-03-19,360,AHPC,Arun Valley Hydropower Development Co. Ltd.,300.0000,304.0000,297.0000,299.0000,23300,6977892.0000,300.0000,525.0000,250.0000,2023-03-19T14:59:59.199282,299.0000,120,299.48,5585.21
40,2023-03-19,459,KSBBL,Kamana Sewa Bikas Bank Limited,311.0000,318.0000,307.4000,313.1000,6171,1932690.6000,312.9000,515.0000,292.0000,2023-03-19T14:59:40.251587,313.1000,78,313.18,9839.41
41,2023-03-19,516,MFIL,Manjushree Finance Ltd.,443.0000,448.0000,438.2000,444.8000,7446,3290970.9000,442.0000,659.0000,362.0000,2023-03-19T14:59:58.110264,444.8000,85,441.97,6011.71
42,2023-03-19,517,NBL,Nepal Bank Limited,261.0000,264.1000,260.0000,261.9000,26915,7030890.5000,263.5000,350.0000,258.0000,2023-03-19T14:59:43.936185,261.9000,223,261.22,38483.64
43,2023-03-19,687,VLBS,Vijaya laghubitta Bittiya Sanstha Ltd.,762.9000,762.9000,740.1000,750.0000,331,248720.0000,751.0000,1254.0000,740.1000,2023-03-19T14:58:09.729781,750.0000,11,751.41,2400.00
44,2023-03-19,695,JSLBB,Janautthan Samudayic Laghubitta Bittya Sanstha Limited,1118.0000,1131.0000,1096.1000,1100.0000,1072,1192513.0000,1139.9000,2330.0000,1096.1000,2023-03-19T14:44:07.875685,1100.0000,26,1112.41,1626.97
45,2023-03-19,706,SWMF,Suryodaya Womi Laghubitta Bittiya Sanstha Limited,681.1000,689.9000,680.1000,680.1000,1603,1097510.7000,685.0000,1373.4000,666.0000,2023-03-19T14:56:37.993658,680.1000,33,684.66,5386.29
46,2023-03-19,1740,GIMES1,Global IME Samunnat Scheme-1,9.6000,9.6500,9.3200,9.3200,47728,456680.4600,9.4800,12.0700,8.0800,2023-03-19T14:57:03.003177,9.3200,18,9.56,
47,2023-03-19,2757,AKPL,Arun Kabeli Power Ltd.,405.0000,408.0000,404.0000,407.0000,32169,13039896.4000,405.0000,530.0000,325.0000,2023-03-19T14:59:58.773233,407.0000,174,405.35,8305.78
48,2023-03-19,2760,UMHL,United Modi Hydropower Ltd.,277.7000,277.7000,271.0000,273.0000,22208,6061679.7000,273.6000,384.0000,192.1000,2023-03-19T14:59:58.323517,273.0000,111,272.95,3139.50
49,2023-03-19,2789,JOSHI,Joshi Hydropower Development Company Ltd,275.3000,285.0000,270.0000,278.9000,30992,8575586.1000,280.9000,318.0000,164.8000,2023-03-19T14:59:56.162535,278.9000,233,276.70,1035.83
50,2023-03-19,2807,ALBSL,Asha Laghubitta Bittiya Sanstha Ltd,699.0000,712.0000,699.0000,707.0000,303,213523.0000,710.0000,1467.0000,699.0000,2023-03-19T14:59:44.077170,707.0000,18,704.69,2698.03
51,2023-03-19,2843,SABSL,Sabaiko Laghubitta Bittiya Sanstha Limited,650.0000,650.0000,624.0000,624.0000,635,403245.1000,649.5000,1390.0000,624.0000,2023-03-19T14:58:09.325546,624.0000,31,635.03,1988.06
52,2023-03-19,2908,SGIC,Sanima GIC Insurance Limited,451.0000,457.5000,451.0000,454.0000,2447,1111053.0000,458.0000,665.0000,325.5000,2023-03-19T14:59:46.710867,454.0000,130,454.04,9080.00
53,2023-03-19,2915,PLI,Prabhu Life Insurance Limited,443.0000,449.0000,428.0000,428.0000,15332,6670255.0000,443.9000,651.2000,321.8000,2023-03-19T14:59:27.380130,428.0000,212,435.05,8560.00
54,2023-03-19,4947,PSF,Prabhu Select Fund,7.8500,7.9000,7.7500,7.7500,18851,146880.6500,7.9000,9.8300,7.3100,2023-03-19T14:53:01.941054,7.7500,19,7.79,
55,2023-03-19,8025,SPC,Samling Power Company Limited,482.0000,520.0000,482.0000,488.0000,3166,1554474.0000,491.0000,697.6000,338.2000,2023-03-19T14:59:58.412491,488.0000,48,490.98,2440.00
56,2023-03-19,8063,ULBSL,Upakar Laghubitta Bittiya Sanstha Limited,1567.0000,1610.0000,1567.0000,1580.2000,631,997237.2000,1597.0000,3951.4000,1211.0000,2023-03-19T14:57:47.760460,1580.2000,21,1580.40,1677.36
57,2023-03-19,8099,UHEWA,Upper Hewakhola Hydropower Company Limited,415.0000,426.0000,414.0000,424.0000,5500,2330604.1000,415.1000,481.0000,130.2000,2023-03-19T14:59:56.802597,424.0000,140,423.74,2120.00
58,2023-03-19,8123,DLBS,Dhaulagiri Laghubitta Bittiya Sanstha Limited,825.0000,845.0000,825.0000,828.2000,560,468629.0000,840.0000,1662.0000,177.7000,2023-03-19T14:40:57.655230,828.2000,23,836.83,853.87
59,2023-03-19,171,SANIMA,Sanima Bank Limited,239.0000,242.0000,238.5000,239.0000,34007,8173045.8000,239.7000,340.0000,222.0000,2023-03-19T14:59:59.352295,239.0000,220,240.33,29779.68
60,2023-03-19,178,NLICL,National Life Insurance Co. Ltd.,567.0000,567.0000,555.0000,557.9000,18835,10514703.8000,556.1000,940.0000,492.0000,2023-03-19T14:59:53.677761,557.9000,128,558.25,25888.97
61,2023-03-19,194,NFS,Nepal Finance Ltd.,302.0000,302.5000,298.0000,298.5000,14183,4241255.6000,299.0000,687.7000,213.3000,2023-03-19T14:59:45.196626,298.5000,75,299.03,2504.25
62,2023-03-19,204,GUFL,Gurkhas Finance Ltd.,500.1000,513.0000,500.1000,509.5000,5097,2600614.0000,510.0000,715.0000,357.0000,2023-03-19T14:59:35.071601,509.5000,56,510.22,4422.43
63,2023-03-19,244,SIFC,Shree Investment Finance Co. Ltd.,320.0000,326.8000,318.0000,324.0000,4687,1509166.3000,324.9000,443.0000,236.3000,2023-03-19T14:59:45.192727,324.0000,34,321.98,3180.65
64,2023-03-19,359,SRBL,Sunrise Bank Limited,181.0000,183.9000,181.0000,183.0000,5588,1019142.8000,183.0000,272.0000,177.1000,2023-03-19T14:57:09.804918,183.0000,58,182.38,18517.57
65,2023-03-19,473,SHINE,Shine Resunga Development Bank Ltd.,335.0000,335.0000,331.0000,331.7000,7848,2613978.2000,333.9000,424.0000,255.1000,2023-03-19T14:59:51.964286,331.7000,71,333.07,14209.64
66,2023-03-19,574,SKBBL,Sana Kisan Bikas Laghubitta Bittiya Sanstha Limited,810.3000,840.0000,810.0000,826.1000,2342,1936580.4000,826.0000,1325.0000,810.0000,2023-03-19T14:59:57.014829,826.1000,54,826.89,16283.76
67,2023-03-19,587,RLFL,Reliance Finance Ltd.,306.0000,306.0000,300.0000,301.0000,5627,1697191.2000,305.0000,451.0000,222.2000,2023-03-19T14:59:03.825541,301.0000,50,301.61,3169.55
68,2023-03-19,601,MLBBL,Mithila LaghuBitta Bittiya Sanstha Limited,775.0000,775.0000,745.0000,745.0000,189,142544.3000,775.2000,1605.0000,740.0000,2023-03-19T14:56:24.196595,745.0000,6,754.20,1460.22
69,2023-03-19,618,LLBS,Laxmi Laghubitta Bittiya Sanstha Ltd.,706.0000,707.0000,698.6000,698.6000,938,657251.6000,720.3000,1506.0000,698.6000,2023-03-19T14:59:48.984460,698.6000,24,700.69,3085.45
70,2023-03-19,693,CLBSL,Civil Laghubitta Bittiya Sanstha Ltd.,629.0000,629.0000,611.0000,612.0000,457,281073.5000,619.5000,1018.0000,592.0000,2023-03-19T14:50:27.886487,612.0000,20,615.04,1957.29
71,2023-03-19,697,API,Api Power Company Ltd.,257.0000,260.7000,256.6000,257.1000,63739,16515508.3000,258.6000,510.0000,200.0000,2023-03-19T14:59:59.029364,257.1000,434,259.11,10626.67
72,2023-03-19,2746,NMFBS,National Microfinance Laghubitta Bittiya Sanstha Limited,1744.0000,1744.0000,1700.0000,1700.0000,1251,2135787.3000,1710.0000,2580.0000,1700.0000,2023-03-19T14:59:57.344984,1700.0000,57,1707.26,9973.48
73,2023-03-19,2768,MSLB,Mahuli Laghubitta Bittiya Sanstha Limited,885.3000,887.0000,875.0000,875.0000,263,231368.0000,868.0000,1499.0000,855.0000,2023-03-19T14:58:17.030511,875.0000,13,879.72,2468.98
74,2023-03-19,2779,NICGF,NIC Asia Growth Fund,8.9200,8.9200,8.9200,8.9200,4610,41121.2000,8.9400,12.1300,8.6700,2023-03-19T14:32:41.831152,8.9200,2,8.92,
75,2023-03-19,2804,SLBSL,Samudayik Laghubitta Bittiya Sanstha Limited,933.0000,933.0000,880.0000,880.0000,102,91263.2000,915.0000,1760.0000,867.0000,2023-03-19T14:59:37.910721,880.0000,9,894.73,1161.60
76,2023-03-19,2832,ILBS,Infinity Laghubitta Bittiya Sanstha Limited,634.1000,635.0000,624.0000,635.0000,509,319041.6000,646.0000,1220.0000,617.0000,2023-03-19T14:59:58.902994,635.0000,21,626.80,3158.59
77,2023-03-19,2842,SJCL,SANJEN JALAVIDHYUT COMPANY LIMITED,300.2000,311.0000,300.2000,306.0000,15772,4811581.5000,305.7000,385.0000,210.0000,2023-03-19T14:59:33.077429,306.0000,129,305.07,10052.10
78,2023-03-19,2885,KBLD86,10.25% KBL Debenture 2086,850.0000,850.0000,850.0000,850.0000,25,21250.0000,837.1000,1009.5000,837.1000,2023-03-19T12:09:28.391380,850.0000,1,850.00,
79,2023-03-19,2919,NIFRA,Nepal Infrastructure Bank Limited,218.0000,220.0000,216.1000,219.0000,61004,13313086.3000,218.0000,360.0000,176.9000,2023-03-19T14:59:56.008286,219.0000,644,218.23,47304.00
80,2023-03-19,2932,MFLD85,9.5% Manjushree Finance Limited Debenture 2085,834.0000,834.0000,834.0000,834.0000,25,20850.0000,821.0000,940.0000,805.1000,2023-03-19T14:49:36.960732,834.0000,1,834.00,
81,2023-03-19,4959,NBLD87,8.5% Nepal Bank Debenture 2087,747.0000,747.0000,742.0000,742.0000,55,40935.0000,752.0000,1020.0000,711.0000,2023-03-19T13:59:07.230077,742.0000,2,744.27,
82,2023-03-19,4968,RMF1,RBB Mutual Fund 1,7.6500,7.7000,7.5800,7.5800,4700,35749.0000,7.6500,9.2700,7.0400,2023-03-19T14:58:03.712693,7.5800,7,7.60,
83,2023-03-19,5982,SLI,Sanima Life Insurance Limited,394.0000,405.0000,388.1000,403.0000,5157,2063403.0000,402.0000,651.2000,311.5000,2023-03-19T14:59:58.854288,403.0000,251,400.11,8398.52
84,2023-03-19,8075,BHDC,Bindhyabasini Hydropower Development Company Limited,443.8000,451.0000,437.0000,440.0000,8785,3900451.5000,452.8000,520.0000,310.0000,2023-03-19T14:59:09.407948,440.0000,148,443.98,4620.00
85,2023-03-19,8076,HHL,Himalayan Hydropower Limited,298.0000,309.9000,294.1000,304.9000,4527,1363988.9000,298.0000,362.1000,202.0000,2023-03-19T14:59:59.660708,304.9000,164,301.30,3338.65
86,2023-03-19,8111,HIDCLP,Hydorelectricity Investment and Development Company Limited Promoter,102.0000,102.0000,101.0000,101.5000,15850,1606591.3000,101.7000,126.4000,95.0000,2023-03-19T14:59:30.822075,101.5000,35,101.36,
87,2023-03-19,155,STC,Salt Trading Corporation,3845.0000,3845.0000,3772.0000,3839.0000,375,1430185.0000,3845.0000,5624.0000,2870.0000,2023-03-19T14:59:58.019633,3839.0000,17,3813.82,10706.37
88,2023-03-19,156,BBC,Bishal Bazar Company Limited,3211.0000,3326.0000,3205.0000,3326.0000,100,322630.0000,3261.0000,4550.0000,3083.0000,2023-03-19T14:58:26.990801,3326.0000,6,3226.30,1634.40
89,2023-03-19,219,UNL,Unilever Nepal Limited,20145.0000,20210.0000,20000.0000,20210.0000,140,2808850.0000,20145.0000,22000.0000,16556.7000,2023-03-19T14:52:19.011552,20210.0000,11,20063.21,18607.35
90,2023-03-19,232,GFCL,Goodwill Finance Limited,455.9000,456.9000,450.0000,455.0000,4150,1887958.0000,448.0000,634.0000,358.0000,2023-03-19T14:56:48.359910,455.0000,27,454.92,4304.82
91,2023-03-19,283,KBLPO,Kumari Bank Limited Promotor Share,110.8000,110.8000,110.8000,110.8000,2000,276000.0000,110.8000,130.0000,100.0000,2023-03-19T14:02:46.522983,110.8000,1,138.00,
92,2023-03-19,418,JBBL,Jyoti Bikas Bank Limited,274.0000,275.0000,270.0000,274.0000,14125,3863486.2000,274.9000,434.0000,248.0000,2023-03-19T14:59:31.550651,274.0000,106,273.52,12044.45
93,2023-03-19,471,MPFL,Multipurpose Finance Company  Limited,334.0000,340.6000,325.0000,325.0000,6703,2226606.0000,327.8000,418.0000,206.1000,2023-03-19T14:59:52.736441,325.0000,43,332.18,1469.00
94,2023-03-19,592,NSLB,Naya Sarathi Laghubitta Bittiya Sanstha Limited,678.0000,688.0000,677.0000,678.1000,699,475490.4000,677.0000,1365.0000,676.0000,2023-03-19T14:59:55.404030,678.1000,14,680.24,2057.32
95,2023-03-19,2751,KKHC,Khanikhola Hydropower Co. Ltd.,243.0000,248.0000,243.0000,247.0000,3035,746489.1000,247.0000,318.0000,163.8000,2023-03-19T14:59:59.012214,247.0000,27,245.96,1150.31
96,2023-03-19,2780,CMF1,Citizens Mutual Fund -1,7.6800,7.6800,7.3800,7.3800,7570,57492.6000,7.5300,10.0000,6.7500,2023-03-19T14:31:16.498645,7.3800,5,7.59,
97,2023-03-19,2786,PMHPL,Panchakanya Mai Hydropower Ltd,248.0000,249.9000,243.0000,247.9000,6560,1607687.0000,248.0000,349.8000,168.0000,2023-03-19T14:59:57.288480,247.9000,47,245.07,2726.90
98,2023-03-19,2810,UPCL,UNIVERSAL POWER COMPANY LTD,250.1000,256.0000,250.1000,254.0000,55527,14038101.8000,253.0000,340.0000,175.9000,2023-03-19T14:59:56.888746,254.0000,208,252.81,5334.89
99,2023-03-19,2824,HURJA,Himalaya Urja Bikas Company Limited,354.0000,363.0000,354.0000,363.0000,3185,1145008.4000,360.0000,494.1000,190.5000,2023-03-19T14:59:00.898411,363.0000,43,359.50,3593.70
100,2023-03-19,2834,SRD80,10% Sunrise Debenture 2080,970.0000,970.0000,970.0000,970.0000,25,24250.0000,989.0000,990.0000,920.0000,2023-03-19T14:37:05.903721,970.0000,1,970.00,
101,2023-03-19,2893,AIL,Ajod Insurance Limited,447.1000,460.0000,447.1000,453.0000,2013,912229.0000,454.0000,768.9000,344.0000,2023-03-19T14:58:56.878620,453.0000,59,453.16,4530.00
102,2023-03-19,2895,NICAD8182,9% NIC Asia Debenture 2081/82,923.2000,923.2000,923.2000,923.2000,25,23080.0000,923.2000,950.0000,900.1000,2023-03-19T14:36:03.650979,923.2000,1,923.20,
103,2023-03-19,2917,CGH,Chandragiri Hills Limited,1120.0000,1155.0000,1120.0000,1148.0000,731,834130.0000,1129.0000,1487.0000,900.2000,2023-03-19T14:59:55.606976,1148.0000,35,1141.08,17611.36
104,2023-03-19,2935,RURU,Ru Ru Jalbidhyut Pariyojana Limited,802.0000,806.0000,790.0000,790.0000,4063,3244619.3000,816.0000,1133.8000,665.1000,2023-03-19T14:59:42.929960,790.0000,40,798.57,3897.26
105,2023-03-19,8024,NBF3,Nabil Balanced Fund-3,7.4000,7.4000,7.2500,7.4000,32173,236233.2000,7.3000,9.4900,7.0800,2023-03-19T14:59:23.782037,7.4000,23,7.34,
106,2023-03-19,8031,MBJC,Madhya Bhotekoshi Jalavidyut Company Limited,302.0000,319.6000,302.0000,312.1000,27320,8575127.4000,308.0000,412.0000,193.3000,2023-03-19T14:59:58.821590,312.1000,623,313.87,18726.00
107,2023-03-19,8097,PBD88,10% Prime Debenture 2088,836.3000,836.3000,805.0000,805.0000,65,53169.5000,820.0000,1000.0000,790.1000,2023-03-19T14:26:55.149287,805.0000,3,817.99,
108,2023-03-19,8102,MHL,Mandakini Hydropower Limited,385.0000,388.0000,377.4000,386.5000,2180,834546.0000,392.7000,436.0000,237.3000,2023-03-19T14:59:52.588952,386.5000,97,382.81,2272.76
109,2023-03-19,8104,USHEC,Upper Solu Hydro Electric Company Limited,345.1000,354.9000,345.1000,351.0000,5010,1759479.0000,351.0000,431.9000,237.0000,2023-03-19T14:59:07.875620,351.0000,148,351.19,4738.50
110,2023-03-19,8121,SPHL,Sayapatri Hydropower Limited,446.1000,460.0000,440.0000,458.0000,3730,1673322.0000,455.0000,520.2000,194.8000,2023-03-19T14:58:52.147723,458.0000,101,448.61,412.20
111,2023-03-19,139,NICA,NIC Asia Bank Ltd.,755.0000,755.0000,739.0000,742.0000,53939,40084482.0000,750.0000,861.9000,600.3000,2023-03-19T14:59:57.402703,742.0000,528,743.14,85804.92
112,2023-03-19,186,IGI,IME General Insurance Ltd.,403.0000,411.0000,403.0000,406.2000,12357,5017490.6000,409.0000,740.0000,333.2000,2023-03-19T14:59:57.345916,406.2000,90,406.04,7326.83
113,2023-03-19,274,EDBL,Excel Development Bank Ltd.,321.0000,321.3000,314.1000,315.9000,4273,1351684.7000,319.0000,495.0000,291.2000,2023-03-19T14:59:32.063921,315.9000,56,316.33,3947.78
114,2023-03-19,348,CZBIL,Citizens Bank International Limited,180.0000,182.0000,179.0000,179.0000,15499,2789924.1000,180.0000,278.0000,175.0000,2023-03-19T14:58:11.086191,179.0000,130,180.00,25419.74
115,2023-03-19,358,LBBL,Lumbini Bikas Bank Ltd.,330.0000,332.0000,329.0000,329.1000,9518,3140718.8000,332.0000,503.0000,290.1000,2023-03-19T14:59:31.049971,329.1000,66,329.97,11132.87
116,2023-03-19,447,GLICL,Gurans Life Insurance Company Ltd.,395.0000,403.9000,395.0000,403.9000,9548,3816286.6000,403.0000,721.0000,394.1000,2023-03-19T14:59:58.409056,403.9000,81,399.69,9044.82
117,2023-03-19,2758,FOWAD,Forward Microfinance Laghubitta Bittiya Sanstha Limited,1270.0000,1299.0000,1260.0000,1260.0000,4881,6186117.5000,1290.0000,2950.0000,1260.0000,2023-03-19T14:59:38.475577,1260.0000,132,1267.38,13300.11
118,2023-03-19,2759,SPDL,Synergy Power Development Ltd.,308.0000,310.0000,300.0000,308.4000,10490,3181664.8000,304.0000,474.0000,234.0000,2023-03-19T14:58:13.230541,308.4000,60,303.30,2487.48
119,2023-03-19,2811,MHNL,Mountain Hydro Nepal Limited,301.4000,302.9000,296.0000,296.0000,18811,5643206.6000,301.0000,462.0000,212.0000,2023-03-19T14:59:58.905484,296.0000,75,299.99,3700.00
120,2023-03-19,2877,SFMF,Sunrise First Mutual Fund,9.7500,9.7700,9.5700,9.6500,14010,136588.7000,9.9400,12.0500,8.5300,2023-03-19T14:39:51.113450,9.6500,12,9.74,
121,2023-03-19,2883,GWFD83,12 % Goodwill Finance Limited Debenture 2083,1000.0000,1000.0000,1000.0000,1000.0000,25,25000.0000,1000.0000,1171.0000,989.8000,2023-03-19T11:49:16.667402,1000.0000,1,1000.00,
122,2023-03-19,2907,SSHL,Shiva Shree Hydropower Ltd,231.0000,239.0000,230.1000,231.0000,74509,17352021.9000,231.1000,382.0000,155.1000,2023-03-19T14:59:57.269309,231.0000,222,232.88,3410.48
123,2023-03-19,3946,CHDC,CEDB Hydropower Development Company Limited,715.0000,726.0000,710.1000,720.0000,1820,1308010.0000,721.3000,925.0000,590.0000,2023-03-19T14:59:01.982361,720.0000,63,718.68,6043.75
124,2023-03-19,8045,GVL,Green Ventures Limited,430.0000,464.1000,426.2000,464.1000,22253,9764894.1000,433.0000,511.0000,255.1000,2023-03-19T14:59:53.775755,464.1000,292,438.81,14503.13
125,2023-03-19,147,SHL,Soaltee Hotel Limited,223.0000,225.0000,221.0000,221.6000,15447,3445601.6000,221.1000,252.6000,186.7000,2023-03-19T14:59:56.056254,221.6000,63,223.05,19605.29
126,2023-03-19,172,NABBC,Narayani Development Bank Limited,407.0000,415.0000,402.0000,413.1000,7667,3097216.0000,414.5000,555.0000,317.7000,2023-03-19T14:59:58.823892,413.1000,23,403.96,1084.25
127,2023-03-19,307,NTC,Nepal Doorsanchar Company Limited,816.0000,826.0000,814.0000,817.0000,8415,6891176.3000,815.8000,1575.0000,803.0000,2023-03-19T14:59:11.781181,817.0000,182,818.91,147060.00
128,2023-03-19,393,PLIC,Prime Life Insurance Company Limited,400.0000,406.9000,400.0000,401.0000,6760,2713615.9000,401.3000,801.0000,400.0000,2023-03-19T14:57:13.071972,401.0000,71,401.42,12595.27
129,2023-03-19,397,ADBL,Agricultural Development Bank Limited,264.5000,264.5000,258.0000,258.2000,21040,5460177.1000,261.5000,405.9000,258.0000,2023-03-19T14:59:50.954932,258.2000,238,259.51,34732.22
130,2023-03-19,417,GBBL,Garima Bikas Bank Limited,361.8000,361.8000,353.0000,355.0000,11901,4226692.9000,354.8000,490.0000,318.0000,2023-03-19T14:59:22.770531,355.0000,95,355.15,18372.24
131,2023-03-19,428,KRBL,Karnali Development Bank Limited,275.0000,275.0000,269.4000,269.4000,4126,1118411.6000,275.0000,435.0000,198.9000,2023-03-19T14:56:15.725952,269.4000,31,271.06,1427.85
132,2023-03-19,545,SLBBL,Swarojgar Laghu Bitta Bikas Bank Ltd.,614.0000,614.0000,602.1000,602.1000,586,356792.1000,605.0000,1115.0000,600.1000,2023-03-19T14:59:48.969084,602.1000,23,608.86,3776.38
133,2023-03-19,575,RMDC,RMDC Laghubitta Bittiya Sanstha Ltd.,713.0000,725.0000,690.0000,699.0000,3719,2589944.2000,713.0000,1182.0000,690.0000,2023-03-19T14:59:45.542326,699.0000,66,696.40,10930.57
134,2023-03-19,591,SHPC,Sanima Mai Hydropower Ltd.,324.0000,324.0000,318.5000,319.0000,31606,10122781.3000,319.0000,416.9000,250.0000,2023-03-19T14:59:56.544447,319.0000,148,320.28,9854.71
135,2023-03-19,2748,RSDC,RSDC Laghubitta Bittiya Sanstha Ltd.,500.0000,500.0000,492.0000,492.0000,2825,1396023.0000,497.0000,728.2000,450.0000,2023-03-19T14:59:25.376823,492.0000,41,494.16,4278.28
136,2023-03-19,2766,CHL,Chhyangdi Hydropower Ltd.,321.0000,330.0000,315.1000,319.1000,23210,7486848.8000,320.7000,475.0000,193.1000,2023-03-19T14:59:57.228458,319.1000,95,322.56,1234.85
137,2023-03-19,2767,HPPL,Himalayan Power Partner Ltd.,292.0000,304.0000,292.0000,300.5000,7584,2281670.5000,297.4000,476.0000,217.6000,2023-03-19T14:57:51.596441,300.5000,57,300.85,3201.58
138,2023-03-19,2769,NHDL,Nepal Hydro Developers Ltd.,406.0000,408.0000,398.0000,408.0000,13005,5258152.6000,398.1000,533.0000,294.0000,2023-03-19T14:58:52.870158,408.0000,84,404.31,1370.58
139,2023-03-19,2770,SEF,Siddhartha Equity Fund,7.8200,7.9000,7.8200,7.9000,3650,28620.5000,7.9500,11.2500,7.6900,2023-03-19T14:51:59.308013,7.9000,6,7.84,
140,2023-03-19,2774,USLB,Unnati Sahakarya Laghubitta Bittiya Sanstha Limited,730.0000,738.0000,715.0000,723.3000,239,174184.8000,739.0000,1490.0000,715.0000,2023-03-19T14:42:36.533125,723.3000,10,728.80,1656.51
141,2023-03-19,2788,AKJCL,Ankhu Khola Jalvidhyut Company Ltd,228.0000,229.3000,225.4000,227.0000,17674,4018999.5000,225.0000,310.0000,159.8000,2023-03-19T14:59:44.913459,227.0000,112,227.39,1816.00
142,2023-03-19,2829,SMFBS,Swabhimaan Laghubitta Bittiya Sanstha Limited,1035.0000,1050.0000,1014.3000,1018.0000,350,359727.2000,1050.0000,1890.0000,1014.3000,2023-03-19T14:49:58.509947,1018.0000,14,1027.79,1487.69
143,2023-03-19,2841,RHPL,RASUWAGADHI HYDROPOWER COMPANY LIMITED,300.0000,310.0000,300.0000,306.0000,20144,6197583.4000,302.0000,391.6000,210.0000,2023-03-19T14:59:35.855806,306.0000,143,307.66,18843.14
144,2023-03-19,2860,SAPDBL,Saptakoshi Development Bank Ltd,247.0000,249.0000,242.0000,247.9000,2446,605396.0000,246.6000,360.9000,178.1000,2023-03-19T14:59:09.939006,247.9000,18,247.50,2068.33
145,2023-03-19,2880,HDHPC,Himal Dolakha Hydropower Company Limited,228.0000,229.0000,224.2000,224.6000,49869,11286094.1000,226.0000,319.0000,161.0000,2023-03-19T14:59:50.381955,224.6000,205,226.31,3593.60
146,2023-03-19,8005,MKJC,Mailung Khola Jal Vidhyut Company Limited,440.6000,446.9000,438.7000,446.9000,1089,482845.5000,446.9000,695.0000,372.6000,2023-03-19T14:59:56.252110,446.9000,35,443.38,1645.23
147,2023-03-19,8066,RFPL,River Falls Power Limited,291.0000,299.0000,291.0000,298.0000,3019,893598.6000,296.1000,325.0000,200.0000,2023-03-19T14:59:51.107103,298.0000,159,295.99,2086.00
148,2023-03-19,8131,EHPL,Eastern Hydropower Limited,454.9000,460.0000,442.1000,453.0000,2660,1185068.0000,464.1000,508.0000,216.0000,2023-03-19T14:59:31.129010,453.0000,76,445.51,2808.60
149,2023-03-19,134,HBL,Himalayan Bank Limited,233.0000,239.0000,232.0000,236.0000,15414,3638705.8000,236.0000,398.7500,225.7000,2023-03-19T14:59:32.837712,236.0000,173,236.06,51109.61
150,2023-03-19,142,KBL,Kumari Bank Limited,179.5000,179.5000,175.9000,178.0000,62024,10971232.5000,178.5000,243.0000,175.0000,2023-03-19T14:59:59.066864,178.0000,303,176.88,46682.03
151,2023-03-19,163,NUBL,Nirdhan Utthan Laghubitta Bittiya Sanstha Limited,610.9000,611.0000,588.0000,596.8000,11899,7088434.2000,613.0000,1179.0000,588.0000,2023-03-19T14:59:45.350444,596.8000,177,595.71,15588.89
152,2023-03-19,184,PRIN,Prabhu Insurance Ltd.,479.0000,479.0000,472.0000,473.0000,3256,1548137.2000,479.0000,893.0000,378.0000,2023-03-19T14:57:22.461408,473.0000,27,475.47,6509.06
153,2023-03-19,188,LICN,Life Insurance Corporation (Nepal) Limited,1402.0000,1402.0000,1360.0000,1361.0000,4140,5637723.6000,1374.7000,2274.0000,1065.0000,2023-03-19T14:59:43.907130,1361.0000,44,1361.76,36110.05
154,2023-03-19,213,BNT,Bottlers Nepal (Terai) Limited,13020.0000,13020.0000,12500.0000,12744.0000,60,760286.0000,12804.0000,15371.3000,11396.0000,2023-03-19T14:46:48.248212,12744.0000,6,12671.43,15420.24
155,2023-03-19,338,PROFL,Progressive Finance Limited,325.0000,343.9000,325.0000,330.9000,6933,2282840.0000,331.0000,389.9000,192.0000,2023-03-19T14:59:25.229565,330.9000,59,329.27,2832.86
156,2023-03-19,371,MDB,Miteri Development Bank Limited,359.0000,364.2000,355.1000,361.0000,15242,5473748.7000,357.1000,525.0000,308.0000,2023-03-19T14:59:07.695159,361.0000,61,359.12,3664.16
157,2023-03-19,396,NLBBL,Nerude Laghubitta Bittiya Sanstha Limited,601.0000,603.9000,596.0000,596.0000,1549,925758.2000,602.7000,1129.0000,590.0000,2023-03-19T14:54:40.369767,596.0000,23,597.64,4362.72
158,2023-03-19,401,MLBL,Mahalaxmi Bikas Bank Ltd.,316.0000,316.0000,310.3000,310.3000,14564,4542895.6000,313.0000,485.0000,297.0000,2023-03-19T14:58:55.983443,310.3000,91,311.92,12943.60
159,2023-03-19,450,CORBL,Corporate Development Bank Limited,312.0000,312.0000,302.0000,302.0000,1996,605213.0000,306.0000,575.0000,211.3000,2023-03-19T14:59:58.136507,302.0000,20,303.21,1585.50
160,2023-03-19,474,MNBBL,Muktinath Bikas Bank Ltd.,389.6000,390.0000,385.0000,387.0000,10979,4241985.2000,387.9000,525.0000,368.0000,2023-03-19T14:59:31.218703,387.0000,130,386.37,24848.88
161,2023-03-19,694,KLBSL,Kisan Lagubitta Bittiya Sanstha Limited,703.0000,703.0000,666.4000,666.4000,444,298562.8000,690.0000,1590.0000,646.8000,2023-03-19T14:41:26.671244,666.4000,12,672.43,3141.21
162,2023-03-19,2787,KPCL,Kalika power Company Ltd,397.9000,397.9000,377.4000,385.0000,518,197424.2000,392.0000,527.0000,289.0000,2023-03-19T14:59:59.766666,385.0000,20,381.12,3054.97
163,2023-03-19,2826,GLBSL,Gurans Laghubitta Bittiya Sanstha Limited,674.8000,680.0000,664.0000,665.0000,240,160206.4000,688.5000,1360.0000,664.0000,2023-03-19T14:58:54.946538,665.0000,11,667.52,674.31
164,2023-03-19,2882,ICFCD83,12% ICFC Finance Limited Debenture 2083,1005.0000,1015.0000,1005.0000,1015.0000,88,88810.0000,1015.0000,1144.0000,988.1000,2023-03-19T14:01:20.317566,1015.0000,3,1009.20,
165,2023-03-19,2886,ADBLD83,10.35% Agricultural Bank Debenture 2083,916.0000,916.0000,910.0000,910.0000,1050,955800.0000,899.0000,1066.0000,865.1000,2023-03-19T14:53:56.435480,910.0000,2,910.28,
166,2023-03-19,4951,JBLB,Jeevan Bikas Laghubitta  Bittya Sanstha Ltd,1850.6000,1900.0000,1829.0000,1830.0000,6222,11536063.2000,1880.1000,5260.0000,1829.0000,2023-03-19T14:59:55.869378,1830.0000,259,1854.07,18927.32
167,2023-03-19,8026,NYADI,Nyadi Hydropower Limited,325.4000,332.0000,325.4000,327.3000,1985,654633.5000,332.0000,498.6000,241.0000,2023-03-19T14:59:38.018986,327.3000,77,329.79,4909.50
168,2023-03-19,8073,NICFC,NIC Asia Flexi CAP Fund,7.8000,7.8000,7.6600,7.6800,6000,46302.0000,7.8500,10.0000,7.3000,2023-03-19T14:30:29.850493,7.6800,19,7.71,
169,2023-03-19,8117,AVYAN,Aviyan Laghubitta Bittiya Sanstha Limited,623.3000,648.7000,615.0000,648.7000,2226,1393220.0000,636.0000,963.0000,316.0000,2023-03-19T14:59:56.696994,648.7000,116,625.88,1621.75
170,2023-03-19,8133,PHCL,Peoples Hydropower Company Limited,353.0000,386.0000,353.0000,362.7000,32157,11700777.5000,359.1000,416.1000,196.9000,2023-03-19T14:59:55.609549,362.7000,793,363.86,11606.40
171,2023-03-19,9146,SMHL,Super Madi Hydropower Limited,403.0000,406.5000,389.0000,399.0000,31720,12580589.4000,401.0000,406.8000,299.0000,2023-03-19T14:59:50.164395,399.0000,1502,396.61,8379.00
172,2023-03-19,8132,SHLB,Shrijanshil Laghubitta Bittiya Sanstha Limited,1470.0000,1470.0000,1350.0000,1390.0000,8230,11148561.0000,1500.0000,2485.2000,906.0000,2023-03-19T14:59:55.242060,1390.0000,284,1354.62,1520.31
173,2023-03-19,9140,UNLB,Unique Nepal Laghubitta Bittiya Sanstha Limited,1604.2000,1764.6000,1604.2000,1764.6000,900,1582295.0000,1604.2000,1764.6000,989.4000,2023-03-19T14:59:44.360350,1764.6000,43,1758.10,1952.22
174,2023-03-19,131,NABIL,Nabil Bank Limited,625.0000,625.0000,605.0000,606.0000,50724,30904775.8000,613.0000,1080.0000,605.0000,2023-03-19T14:59:57.628631,606.0000,813,609.27,163965.41
175,2023-03-19,133,SCB,Standard Chartered Bank Limited,506.0000,519.0000,506.0000,513.0000,13630,7024664.1000,512.0000,555.0000,375.0000,2023-03-19T14:59:12.354414,513.0000,123,515.38,48373.10
176,2023-03-19,135,SBI,Nepal SBI Bank Limited,322.9000,322.9000,312.3000,316.9000,31454,9937886.7000,318.6000,365.0000,251.0000,2023-03-19T14:59:47.567535,316.9000,84,315.94,32072.27
177,2023-03-19,183,NIL,Neco Insurance Limited,771.0000,774.9000,759.0000,767.0000,8871,6787487.1000,771.9000,1076.0000,601.0000,2023-03-19T14:59:06.258237,767.0000,59,765.13,15434.81
178,2023-03-19,255,PRVU,Prabhu  Bank Limited,176.5000,180.3000,176.4000,178.1000,82772,14739824.3000,180.0000,309.0000,176.4000,2023-03-19T14:59:56.997174,178.1000,505,178.07,41929.17
179,2023-03-19,472,SADBL,Shangrila Development Bank Ltd.,297.3000,304.9000,295.0000,297.1000,11082,3316404.1000,301.0000,422.9000,245.0000,2023-03-19T14:59:38.477412,297.1000,72,299.26,9708.04
180,2023-03-19,502,SMFDB,Summit Laghubitta Bittiya Sanstha Limited,951.0000,951.0000,951.0000,951.0000,130,123630.0000,952.0000,1443.0000,749.0000,2023-03-19T13:34:18.107101,951.0000,4,951.00,4697.94
181,2023-03-19,561,SINDU,Sindhu Bikash Bank Ltd,261.4000,265.9000,260.6000,263.0000,1774,464513.6000,264.0000,404.9000,220.6000,2023-03-19T14:53:55.324478,263.0000,20,261.84,1466.11
182,2023-03-19,593,KMCDB,Kalika Laghubitta Bittiya Sanstha Ltd,778.0000,784.0000,775.0000,784.0000,294,228785.2000,788.9000,1359.0000,761.0000,2023-03-19T14:58:18.052583,784.0000,15,778.18,2452.94
183,2023-03-19,2754,DHPL,Dibyashwori Hydropower Ltd.,226.0000,232.0000,226.0000,229.9000,4265,974405.4000,229.9000,327.0000,160.1000,2023-03-19T14:59:51.329553,229.9000,50,228.46,606.94
184,2023-03-19,2809,SHIVM,SHIVAM CEMENTS LTD,431.2000,433.0000,425.0000,425.0000,94697,40509851.7000,429.7000,1198.0000,425.0000,2023-03-19T14:59:59.134529,425.0000,603,427.78,18700.00
185,2023-03-19,2835,NBF2,NABIL BALANCED FUND-2,7.9000,8.0000,7.8400,7.8600,2550,20095.0000,7.8700,11.2000,7.4500,2023-03-19T14:31:51.632699,7.8600,7,7.88,
186,2023-03-19,2881,NRIC,Nepal Reinsurance Company Limited,728.3000,740.0000,726.0000,726.1000,12501,9146432.1000,735.0000,1232.7000,565.0000,2023-03-19T14:57:36.974460,726.1000,201,731.65,88820.18
187,2023-03-19,2887,NICLBSL,NIC ASIA Laghubitta Bittiya Sanstha Limited,566.1000,575.0000,560.3000,568.9000,10424,5892922.3000,571.5000,1100.0000,560.3000,2023-03-19T14:58:50.191590,568.9000,124,565.32,9895.67
188,2023-03-19,2913,MEN,Mountain Energy Nepal Limited,765.0000,765.0000,754.0000,758.0000,1560,1190012.0000,758.0000,1135.0000,692.0000,2023-03-19T14:54:18.888901,758.0000,35,762.82,14917.64
189,2023-03-19,2934,SHEL,Singati Hydro Energy Limited,314.0000,319.0000,309.5000,318.0000,7993,2517314.0000,315.0000,451.0000,206.1000,2023-03-19T14:59:59.768636,318.0000,109,314.93,4611.00
190,2023-03-19,8041,NESDO,NESDO Sambridha Laghubitta Bittiya Sanstha Limited,2405.0000,2405.0000,2337.3000,2389.9000,5239,12392178.0000,2360.0000,3759.0000,747.7000,2023-03-19T14:59:56.466116,2389.9000,113,2365.37,6094.24
191,2023-03-19,8070,DORDI,Dordi Khola Jal Bidyut Company Limited,309.0000,320.1000,309.0000,315.0000,4751,1490202.5000,314.0000,408.0000,217.0000,2023-03-19T14:59:58.636147,315.0000,189,313.66,3320.92
192,2023-03-19,9147,SPL,Shuvam Power Limited,526.3000,567.6000,510.0000,567.6000,50123,27078955.8000,516.0000,567.6000,265.0000,2023-03-19T14:59:48.008842,567.6000,3155,540.25,1135.20
193,2023-03-19,140,MBL,Machhapuchhre Bank Limited,223.1000,228.5000,223.1000,224.0000,20727,4655011.2000,226.0000,305.0000,199.0000,2023-03-19T14:58:44.394760,224.0000,91,224.58,22976.03
194,2023-03-19,145,SBL,Siddhartha Bank Limited,257.8000,267.0000,255.0000,261.0000,67933,17571542.8000,263.0000,414.8000,255.0000,2023-03-19T14:59:55.605100,261.0000,345,258.65,36774.85
195,2023-03-19,152,NHPC,National Hydro Power Company Limited,242.1000,247.0000,241.0000,243.0000,27665,6741763.7000,244.9000,334.5000,176.4000,2023-03-19T14:58:50.515094,243.0000,143,243.69,3989.55
196,2023-03-19,166,DDBL,Deprosc Laghubitta Bittiya Sanstha Limited,669.1000,692.0000,668.0000,685.0000,5493,3747614.0000,681.5000,1199.0000,668.0000,2023-03-19T14:59:56.165318,685.0000,107,682.25,10454.80
197,2023-03-19,176,NICL,Nepal Insurance Co. Ltd.,519.0000,519.0000,510.2000,516.0000,9773,5034227.9000,514.0000,934.0000,385.1000,2023-03-19T14:59:59.910837,516.0000,103,515.11,7712.99
198,2023-03-19,177,RBCL,Rastriya Beema Company Limited,12623.0000,12750.0000,12550.0000,12750.0000,143,1807140.0000,12700.0000,19401.9000,12215.0000,2023-03-19T14:41:38.897393,12750.0000,10,12637.34,33996.15
199,2023-03-19,210,CIT,Citizen Investment Trust,2015.0000,2035.0000,2005.0000,2026.0000,4737,9581095.1000,2015.0000,3297.0000,1780.0000,2023-03-19T14:59:55.989681,2026.0000,137,2022.60,86125.27
200,2023-03-19,227,BFC,Best Finance Company Ltd.,319.7000,329.7000,319.7000,326.0000,4105,1337744.6000,326.2000,476.9000,292.5000,2023-03-19T14:59:43.908294,326.0000,42,325.88,2702.26
201,2023-03-19,236,PFL,Pokhara Finance Ltd.,373.0000,379.9000,373.0000,373.1000,2440,920377.1000,380.0000,534.0000,290.0000,2023-03-19T14:57:19.816317,373.1000,27,377.20,4039.02
202,2023-03-19,238,NMB,NMB Bank Limited,220.0000,222.0000,219.0000,220.9000,47758,10501218.1000,221.0000,320.0000,217.9000,2023-03-19T14:59:56.514721,220.9000,201,219.88,40572.05
203,2023-03-19,268,SWBBL,Swabalamban Laghubitta Bittiya Sanstha Limited,800.0000,800.0000,790.0000,795.0000,3648,2892557.0000,803.9000,1407.0000,790.0000,2023-03-19T14:59:58.107114,795.0000,56,792.91,10259.44
204,2023-03-19,403,SJLIC,SuryaJyoti Life Insurance Company Limited,452.1000,452.1000,444.0000,444.1000,14015,6248483.6000,451.0000,806.5000,351.0000,2023-03-19T14:59:49.171126,444.1000,205,445.84,20186.89
205,2023-03-19,449,SBLPO,Siddhartha Bank Limited Promoter Share,160.0000,160.0000,160.0000,160.0000,90000,14400000.0000,160.0000,270.0000,160.0000,2023-03-19T12:24:08.527320,160.0000,1,160.00,
206,2023-03-19,634,RBCLPO,Rastriya Beema Company Limited Promoter Share,11400.0000,11446.4000,11218.0000,11442.3000,130,1484195.2000,11222.0000,18588.0000,9663.0000,2023-03-19T14:01:50.118870,11442.3000,7,11416.88,
207,2023-03-19,704,NMBMF,NMB  Microfinance Bittiya Sanstha Ltd.,536.0000,555.9000,535.5000,548.0000,1610,879752.2000,545.0000,991.0000,535.5000,2023-03-19T14:59:25.371702,548.0000,23,546.42,3594.13
208,2023-03-19,2744,GRDBL,Green Development Bank Ltd.,260.0000,265.0000,256.0000,261.0000,1824,476803.8000,265.0000,363.9000,182.0000,2023-03-19T14:59:16.332880,261.0000,25,261.40,1354.59
209,2023-03-19,2813,PPCL,Panchthar Power Compant Limited,365.8000,365.8000,352.1000,354.9000,1987,703462.0000,359.0000,444.9000,230.0000,2023-03-19T14:59:19.661961,354.9000,36,354.03,3415.91
210,2023-03-19,2831,UNHPL,Union Hydropower Limited,239.0000,239.0000,235.0000,235.0000,4497,1066288.8000,236.2000,367.0000,165.1000,2023-03-19T14:55:29.843757,235.0000,41,237.11,1762.50
211,2023-03-19,2862,CMF2,CITIZENS MUTUAL FUND 2,8.0000,8.0000,7.6900,8.0000,51500,411685.0000,8.0000,10.7600,7.2400,2023-03-19T14:50:44.818209,8.0000,5,7.99,
212,2023-03-19,2863,NICBF,NIC Asia Balanced Fund,8.3500,8.3700,8.3500,8.3700,600,5020.0000,8.5000,11.3600,8.0400,2023-03-19T13:46:04.619281,8.3700,2,8.36,
213,2023-03-19,2914,UMRH,United IDI Mardi RB Hydropower Limited.,495.1000,509.0000,491.0000,505.0000,280,138895.0000,500.4000,1150.0000,390.0000,2023-03-19T14:59:33.638843,505.0000,20,496.05,2121.00
214,2023-03-19,8021,SAHAS,Sahas Urja Limited,533.3000,544.9000,533.3000,538.0000,8765,4712729.0000,542.0000,656.0000,377.5000,2023-03-19T14:59:58.105119,538.0000,282,537.67,18830.00
215,2023-03-19,8022,TPC,Terhathum Power Company Limited,435.0000,440.0000,430.8000,437.3000,350,152076.0000,443.0000,667.0000,303.9000,2023-03-19T14:59:59.168024,437.3000,21,434.50,1749.20
216,2023-03-19,8033,GBBD85,Garima Debenture", 2085,800.0000,800.0000,800.0000,800.0000,25,20000.0000,800.0000,1000.0000,722.5000,2023-03-19T12:13:17.287237,800.0000,1,800.00,
217,2023-03-19,8034,ENL,Emerging Nepal Limited,646.0000,672.1000,646.0000,672.1000,280,182357.0000,659.0000,1481.9000,482.0000,2023-03-19T14:59:13.486658,672.1000,18,651.27,3734.19
218,2023-03-19,8036,RULB,Rastra Utthan Laghubitta Sanstha Limited,661.6000,677.0000,656.0000,659.0000,1085,723723.0000,675.0000,1931.7000,580.3000,2023-03-19T14:59:52.225346,659.0000,56,667.02,1713.40
219,2023-03-19,8038,JALPA,Jalpa Samudayik Laghubitta Bittiya Sanstha Limited,2380.0000,2380.0000,2329.5000,2349.0000,451,1060370.0000,2335.0000,3770.0000,318.6000,2023-03-19T14:56:31.495692,2349.0000,33,2351.15,3758.40
220,2023-03-19,8044,EBLD86,Everest Bank Limited,750.2000,757.0000,750.2000,757.0000,50,37680.0000,765.0000,1000.0000,725.0000,2023-03-19T12:56:27.310127,757.0000,2,753.60,
221,2023-03-19,132,NIMB,Nepal Investment Mega Bank Limited,192.1000,193.0000,189.7000,190.9000,72137,13758464.9000,192.0000,408.4900,189.7000,2023-03-19T14:59:47.723419,190.9000,382,190.72,65151.49
222,2023-03-19,148,TRH,Taragaon Regency Hotel Limited,469.2000,478.5000,452.0000,463.0000,6302,2947068.5000,460.0000,507.0000,302.1000,2023-03-19T14:59:39.526561,463.0000,59,467.64,8735.21
223,2023-03-19,179,HEI,Himalayan Everest Insurance Limited,400.6000,420.0000,400.6000,412.3000,8387,3463412.7000,408.7600,703.0000,345.0000,2023-03-19T14:59:58.521737,412.3000,61,412.95,9489.23
224,2023-03-19,180,UIC,United Insurance Co. (Nepal) Ltd.,434.9000,434.9000,425.0000,430.9000,4514,1924178.0000,427.0000,725.0000,325.0000,2023-03-19T14:59:53.994650,430.9000,32,426.26,4651.86
225,2023-03-19,341,GBIME,Global IME Bank Limited,190.0000,190.0000,186.0000,187.0000,70476,13195057.1000,187.2000,326.0000,183.8000,2023-03-19T14:59:46.948555,187.0000,477,187.22,66891.88
226,2023-03-19,385,ALICL,Asian Life Insurance Co. Limited,617.1000,625.0000,615.1000,617.1000,8877,5498583.0000,614.1000,1007.7000,428.0000,2023-03-19T14:59:51.312064,617.1000,84,619.41,17945.95
227,2023-03-19,700,HEIP,Himalayan Everest Insurance Limited Promoter,271.1000,275.4000,260.6000,275.4000,2263,604760.9000,276.6000,367.4000,214.2000,2023-03-19T14:49:05.860088,275.4000,11,267.23,
228,2023-03-19,1741,MERO,Mero Microfinance Bittiya Sanstha Ltd.,563.0000,570.0000,556.0000,556.1000,2790,1567659.4000,563.0000,1089.9000,556.0000,2023-03-19T14:59:37.242577,556.1000,63,561.88,7340.52
229,2023-03-19,2752,NMBHF1,NMB Hybrid Fund L-1,9.9800,9.9800,9.6100,9.6100,11416,110321.6800,9.8000,12.2500,8.7900,2023-03-19T12:59:31.513402,9.6100,5,9.66,
230,2023-03-19,2761,SMATA,Samata Gharelu Laghubitta Bittiya Sanstha Limited,610.1000,619.0000,606.7000,618.0000,563,343949.1000,619.0000,1125.0000,598.0000,2023-03-19T14:59:16.328843,618.0000,13,610.92,2435.88
231,2023-03-19,2771,SMB,Support Microfinance Bittiya Sanstha Ltd.,971.0000,971.0000,933.0000,951.0000,160,151685.0000,973.5000,1840.0000,915.0000,2023-03-19T14:59:54.243584,951.0000,8,948.03,905.71
232,2023-03-19,2792,UPPER,Upper Tamakoshi Hydropower Ltd,458.0000,467.0000,458.0000,460.0000,21991,10152940.3000,459.2000,624.9000,354.0000,2023-03-19T14:59:47.721637,460.0000,243,461.68,48714.00
233,2023-03-19,2815,GMFBS,Ganapati Laghubitta Bittiya Sanstha Limited,731.0000,731.0000,731.0000,731.0000,14,10234.0000,745.0000,1225.0000,706.0000,2023-03-19T11:59:15.289918,731.0000,1,731.00,1107.86
234,2023-03-19,2867,NMB50,NMB 50,9.0100,9.0100,8.9300,8.9300,10500,93935.0000,9.1000,13.5300,8.2800,2023-03-19T12:55:25.877651,8.9300,6,8.94,
235,2023-03-19,2890,SBIBD86,10% Nepal SBI Bank Debenture 2086,860.0000,860.0000,860.0000,860.0000,1000,860000.0000,860.0000,960.0000,825.0000,2023-03-19T12:22:58.821834,860.0000,2,860.00,
236,2023-03-19,2902,LUK,Laxmi Unnati Kosh,8.2300,8.2300,7.7900,7.7900,13700,109282.0000,8.0700,10.5000,7.5200,2023-03-19T14:16:19.740427,7.7900,8,7.97,
237,2023-03-19,2933,KEF,Kumari Equity Fund,7.7500,7.9000,7.7500,7.8200,5320,41547.4000,7.8900,10.0700,7.7300,2023-03-19T14:57:16.743531,7.8200,15,7.80,
238,2023-03-19,2937,SBCF,Sunrise Bluechip Fund,7.1500,7.2500,7.1500,7.1600,7350,52810.0000,7.2400,8.9900,6.8500,2023-03-19T14:36:18.577875,7.1600,6,7.18,
239,2023-03-19,4949,NIBSF2,NIBL Samriddhi Fund -2,7.0700,7.6500,7.0700,7.5000,31950,241188.0000,7.2000,9.4900,6.7400,2023-03-19T14:45:40.940057,7.5000,23,7.54,
240,2023-03-19,8055,BHL,Balephi Hydropower Limited,329.0000,341.7000,329.0000,335.0000,5751,1927316.1000,335.0000,397.0000,104.7000,2023-03-19T14:59:54.458801,335.0000,113,335.12,6123.70
241,2023-03-19,9135,BHPL,Barahi Hydropower Public Limited,512.0000,550.0000,512.0000,521.2000,2811,1479374.0000,522.0000,677.2000,194.3000,2023-03-19T14:59:59.838147,521.2000,75,526.28,1303.00
242,2023-03-19,8071,ADLB,Adarsha Laghubitta Bittiya Sanstha Limited,1337.1000,1367.0000,1315.0000,1340.0000,246,329906.9000,1364.0000,2705.0000,256.8000,2023-03-19T14:51:31.762083,1340.0000,17,1341.08,332.86
243,2023-03-19,8074,KDBY,Kumari Dhanabriddhi Yojana,7.8500,8.0200,7.8500,7.9100,5750,45432.0000,8.0000,10.4300,7.4600,2023-03-19T14:55:35.451285,7.9100,37,7.90,
244,2023-03-19,8100,SGHC,Swet-Ganga Hydropower & Construction Limited ,388.0000,400.0000,381.1000,389.0000,6306,2450359.5000,395.6000,411.6000,202.1000,2023-03-19T14:59:59.241560,389.0000,207,388.57,6196.77
245,2023-03-19,137,EBL,Everest Bank Limited,505.0000,506.0000,500.0000,505.0000,19303,9708560.6000,501.1000,558.9000,411.0000,2023-03-19T14:59:32.832732,505.0000,133,502.95,54025.38
246,2023-03-19,192,SICL,Shikhar Insurance Co. Ltd.,760.0000,760.0000,736.2000,750.0000,5202,3895613.7000,750.0000,1428.0000,690.1000,2023-03-19T14:59:38.575183,750.0000,92,748.86,19888.91
247,2023-03-19,490,FMDBL,First Micro Finance Laghubitta Bittiya Sanstha Limited,531.0000,536.0000,530.1000,531.1000,5474,2915772.4000,536.1000,835.0000,530.1000,2023-03-19T14:59:59.640971,531.1000,87,532.65,6095.68
248,2023-03-19,610,RIDI,Ridi Power Company Limited,349.7000,349.7000,342.0000,342.0000,17937,6160504.3000,343.0000,838.0000,334.7000,2023-03-19T14:59:50.562103,342.0000,149,343.45,5297.24
249,2023-03-19,682,MMFDB,Mirmire Laghubitta Bittya Sanstha Limited,606.0000,618.0000,605.1000,610.0000,297,180929.0000,610.1000,1350.0000,605.0000,2023-03-19T14:50:37.079077,610.0000,17,609.18,3985.64
250,2023-03-19,2742,HIDCL,Hydorelectricity Investment and Development Company Ltd,197.0000,198.0000,195.4000,196.0000,54230,10647641.7000,196.5000,308.0000,159.8000,2023-03-19T14:59:41.367968,196.0000,273,196.34,42555.49
251,2023-03-19,2743,NGPL,Ngadi Group Power Ltd.,271.0000,280.1000,271.0000,276.0000,56583,15658824.9000,275.2000,694.0000,185.2000,2023-03-19T14:59:59.313361,276.0000,264,276.74,5109.53
252,2023-03-19,2753,NEF,Nabil Equity Fund,8.6300,8.7800,8.6300,8.7700,2779,24229.4900,8.6100,11.2500,7.7500,2023-03-19T14:31:13.638899,8.7700,5,8.71,
253,2023-03-19,2755,NIBLPF,NIBL Pragati Fund,8.3800,8.5400,8.3800,8.5400,6260,52555.0000,8.5300,11.7400,7.7800,2023-03-19T14:59:13.967730,8.5400,5,8.39,
254,2023-03-19,2773,SAEF,Sanima Equity Fund,10.5000,10.5000,10.1100,10.4900,4550,46828.6000,10.3100,13.8800,9.4600,2023-03-19T13:37:46.403453,10.4900,8,10.29,
255,2023-03-19,2806,GHL,Ghalemdi Hydro Limited,270.4000,274.0000,267.1000,271.0000,17724,4796592.2000,270.4000,341.0000,164.2000,2023-03-19T14:59:55.785510,271.0000,116,270.62,1490.50
256,2023-03-19,4956,ULI,Union Life Insurance Company Limited,400.0000,408.2000,400.0000,408.2000,6480,2616939.0000,403.2000,746.0000,397.1000,2023-03-19T14:59:56.251158,408.2000,303,403.84,9563.53
257,2023-03-19,8032,BNHC,Buddha Bhumi Nepal Hydropower Company Limited,421.0000,424.8000,415.0000,415.0000,1808,761223.0000,427.4000,715.0000,306.0000,2023-03-19T14:59:55.459621,415.0000,38,421.03,1660.00
258,2023-03-19,8122,PPL,People's Power Limited,303.1000,309.0000,300.1000,307.9000,6560,2009591.0000,303.1000,336.0000,190.0000,2023-03-19T14:59:59.623887,307.9000,291,306.34,1947.78
259,2023-03-19,9139,SAGF,Sanima Growth Fund,9.3900,9.3900,8.7600,8.7600,5100,45967.5000,9.5800,10.0000,8.7600,2023-03-19T14:52:40.931061,8.7600,21,9.01,
